{"cameraMode":{"drawMode":0,"name":"Shaded","section":"Shading Mode"},"sceneLighting":true,"audioPlay":false,"sceneViewState":{"m_AlwaysRefresh":false,"showFog":true,"showSkybox":true,"showFlares":true,"showImageEffects":true,"showParticleSystems":true,"showVisualEffectGraphs":true,"m_FxEnabled":true},"in2DMode":false,"pivot":{"x":0.09743896871805191,"y":2.6828725337982179,"z":-0.3088699281215668},"rotation":{"x":0.3521851599216461,"y":0.021055903285741807,"z":-0.007925503887236119,"w":0.9356598854064941},"size":0.7950380444526672,"orthographic":false}